name,email,password
mukesh,mukesh@gmail.com,123456
welcome,welcome@gmail.com,123456
Rahul,Rahul@gmail.com,123456
garvit,garvit@gmail.com,123456
gagan,gagan@gmail.com,123456
gagan1,gaganchhajed@gmail.com,123456
sid,skukreja@flair-solution.com,123456
krisha,kkukreja@flair-solution.com,123456
shreeyas,shreeyashd2@gmail.com,123456
Ayushri,ayushri.gupta@bezoarsoftware.com,123456
Saurabh,Saurabh@yopmail.com,123456
Garvit Chhajed,garvitchhajed87@gmail.com,123456
Garvit Chhajed,garvitchhajed@gmail.com,123456
krisha,kukrejakrisha@gmail.com,123456
Shephali,Shephali@gmail.com,123456
sunil,sunil@gmail.com,123456
sunil,sunil01@gmail.com,123456
Garvit Chhajed,garvitchhajed01@gmail.com,123456
Garvit Chhajed,garvitchhajed02@gmail.com,123456
saumya,saumya@yopmail.com,123456
cnk,cnkukreja2010@gmail.com,123456
krisha,krisha@yopmail.com,123456
shreeyash,shreeyash@getonguard.app,123456
ace,abc@gmail.com,123456
abc,abcd@gmail.com,123456
testj7,testj7@gmail.com,123456
hemant,hmborole@gmail.com,123456
Akbar,akbarkhanji313@gmail.com,123456
dr. bhandari,j@yopmail.com,123456
